age,sex,bmi,children,smoker,region,charges
19,female,27.9,0,yes,southwest,1
18,male,33.77,1,no,southeast,1
28,male,33,3,no,southeast,0
33,male,22.705,0,no,northwest,0
32,male,28.88,0,no,northwest,1
31,female,25.74,0,no,southeast,0
46,female,33.44,1,no,southeast,1
37,female,27.74,3,no,northwest,0
37,male,29.83,2,no,northeast,0
60,female,25.84,0,no,northwest,0
25,male,26.22,0,no,northeast,1
62,female,26.29,0,yes,southeast,1
23,male,34.4,0,no,southwest,1
56,female,39.82,0,no,southeast,1
27,male,42.13,0,yes,southeast,1
19,male,24.6,1,no,southwest,0
52,female,30.78,1,no,northeast,1
23,male,23.845,0,no,northeast,0
56,male,40.3,0,no,southwest,1
30,male,35.3,0,yes,southwest,1
60,female,36.005,0,no,northeast,1
30,female,32.4,1,no,southwest,1
18,male,34.1,0,no,southeast,1
34,female,31.92,1,yes,northeast,1
37,male,28.025,2,no,northwest,0
59,female,27.72,3,no,southeast,1
63,female,23.085,0,no,northeast,0
55,female,32.775,2,no,northwest,0
23,male,17.385,1,no,northwest,1
31,male,36.3,2,yes,southwest,1
22,male,35.6,0,yes,southwest,1
18,female,26.315,0,no,northeast,1
19,female,28.6,5,no,southwest,0
63,male,28.31,0,no,northwest,1
28,male,36.4,1,yes,southwest,1
19,male,20.425,0,no,northwest,0
62,female,32.965,3,no,northwest,0
26,male,20.8,0,no,southwest,0
35,male,36.67,1,yes,northeast,1
60,male,39.9,0,yes,southwest,1
24,female,26.6,0,no,northeast,1
31,female,36.63,2,no,southeast,0
41,male,21.78,1,no,southeast,0
37,female,30.8,2,no,southeast,0
38,male,37.05,1,no,northeast,0
55,male,37.3,0,no,southwest,1
18,female,38.665,2,no,northeast,0
28,female,34.77,0,no,northwest,1
60,female,24.53,0,no,southeast,0
36,male,35.2,1,yes,southeast,1
18,female,35.625,0,no,northeast,1
21,female,33.63,2,no,northwest,0
48,male,28,1,yes,southwest,1
36,male,34.43,0,yes,southeast,1
40,female,28.69,3,no,northwest,0
58,male,36.955,2,yes,northwest,1
58,female,31.825,2,no,northeast,0
18,male,31.68,2,yes,southeast,1
53,female,22.88,1,yes,southeast,1
34,female,37.335,2,no,northwest,0
43,male,27.36,3,no,northeast,1
25,male,33.66,4,no,southeast,0
64,male,24.7,1,no,northwest,0
28,female,25.935,1,no,northwest,0
20,female,22.42,0,yes,northwest,1
19,female,28.9,0,no,southwest,1
61,female,39.1,2,no,southwest,1
40,male,26.315,1,no,northwest,0
40,female,36.19,0,no,southeast,1
28,male,23.98,3,yes,southeast,0
27,female,24.75,0,yes,southeast,1
31,male,28.5,5,no,northeast,0
53,female,28.1,3,no,southwest,1
58,male,32.01,1,no,southeast,1
44,male,27.4,2,no,southwest,1
57,male,34.01,0,no,northwest,1
29,female,29.59,1,no,southeast,0
21,male,35.53,0,no,southeast,1
22,female,39.805,0,no,northeast,1
41,female,32.965,0,no,northwest,1
31,male,26.885,1,no,northeast,0
45,female,38.285,0,no,northeast,1
22,male,37.62,1,yes,southeast,1
48,female,41.23,4,no,northwest,0
37,female,34.8,2,yes,southwest,1
45,male,22.895,2,yes,northwest,1
57,female,31.16,0,yes,northwest,1
56,female,27.2,0,no,southwest,1
46,female,27.74,0,no,northwest,1
55,female,26.98,0,no,northwest,1
21,female,39.49,0,no,southeast,1
53,female,24.795,1,no,northwest,0
59,male,29.83,3,yes,northeast,1
35,male,34.77,2,no,northwest,0
64,female,31.3,2,yes,southwest,1
28,female,37.62,1,no,southeast,0
54,female,30.8,3,no,southwest,0
55,male,38.28,0,no,southeast,1
56,male,19.95,0,yes,northeast,1
38,male,19.3,0,yes,southwest,1
41,female,31.6,0,no,southwest,1
30,male,25.46,0,no,northeast,0
18,female,30.115,0,no,northeast,1
61,female,29.92,3,yes,southeast,1
34,female,27.5,1,no,southwest,0
20,male,28.025,1,yes,northwest,1
19,female,28.4,1,no,southwest,0
26,male,30.875,2,no,northwest,0
29,male,27.94,0,no,southeast,1
63,male,35.09,0,yes,southeast,1
54,male,33.63,1,no,northwest,1
55,female,29.7,2,no,southwest,1
37,male,30.8,0,no,southwest,1
21,female,35.72,0,no,northwest,1
52,male,32.205,3,no,northeast,0
60,male,28.595,0,no,northeast,1
58,male,49.06,0,no,southeast,1
29,female,27.94,1,yes,southeast,1
49,female,27.17,0,no,southeast,1
37,female,23.37,2,no,northwest,0
44,male,37.1,2,no,southwest,1
18,male,23.75,0,no,northeast,0
20,female,28.975,0,no,northwest,1
44,male,31.35,1,yes,northeast,1
47,female,33.915,3,no,northwest,0
26,female,28.785,0,no,northeast,1
19,female,28.3,0,yes,southwest,1
52,female,37.4,0,no,southwest,1
32,female,17.765,2,yes,northwest,0
38,male,34.7,2,no,southwest,0
59,female,26.505,0,no,northeast,1
61,female,22.04,0,no,northeast,0
53,female,35.9,2,no,southwest,1
19,male,25.555,0,no,northwest,0
20,female,28.785,0,no,northeast,1
22,female,28.05,0,no,southeast,1
19,male,34.1,0,no,southwest,1
22,male,25.175,0,no,northwest,0
54,female,31.9,3,no,southeast,0
22,female,36,0,no,southwest,1
34,male,22.42,2,no,northeast,0
26,male,32.49,1,no,northeast,1
34,male,25.3,2,yes,southeast,0
29,male,29.735,2,no,northwest,0
30,male,28.69,3,yes,northwest,0
29,female,38.83,3,no,southeast,0
46,male,30.495,3,yes,northwest,1
51,female,37.73,1,no,southeast,1
53,female,37.43,1,no,northwest,1
19,male,28.4,1,no,southwest,0
35,male,24.13,1,no,northwest,0
48,male,29.7,0,no,southeast,1
32,female,37.145,3,no,northeast,0
42,female,23.37,0,yes,northeast,1
40,female,25.46,1,no,northeast,0
44,male,39.52,0,no,northwest,1
48,male,24.42,0,yes,southeast,1
18,male,25.175,0,yes,northeast,1
30,male,35.53,0,yes,southeast,1
50,female,27.83,3,no,southeast,1
42,female,26.6,0,yes,northwest,1
18,female,36.85,0,yes,southeast,1
54,male,39.6,1,no,southwest,1
32,female,29.8,2,no,southwest,0
37,male,29.64,0,no,northwest,1
47,male,28.215,4,no,northeast,1
20,female,37,5,no,southwest,0
32,female,33.155,3,no,northwest,0
19,female,31.825,1,no,northwest,1
27,male,18.905,3,no,northeast,0
63,male,41.47,0,no,southeast,1
49,male,30.3,0,no,southwest,1
18,male,15.96,0,no,northeast,1
35,female,34.8,1,no,southwest,1
24,female,33.345,0,no,northwest,1
63,female,37.7,0,yes,southwest,1
38,male,27.835,2,no,northwest,0
54,male,29.2,1,no,southwest,0
46,female,28.9,2,no,southwest,1
41,female,33.155,3,no,northeast,0
58,male,28.595,0,no,northwest,1
18,female,38.28,0,no,southeast,1
22,male,19.95,3,no,northeast,0
44,female,26.41,0,no,northwest,1
44,male,30.69,2,no,southeast,0
36,male,41.895,3,yes,northeast,1
26,female,29.92,2,no,southeast,0
30,female,30.9,3,no,southwest,0
41,female,32.2,1,no,southwest,1
29,female,32.11,2,no,northwest,0
61,male,31.57,0,no,southeast,1
36,female,26.2,0,no,southwest,1
25,male,25.74,0,no,southeast,0
56,female,26.6,1,no,northwest,0
18,male,34.43,0,no,southeast,1
19,male,30.59,0,no,northwest,1
39,female,32.8,0,no,southwest,1
45,female,28.6,2,no,southeast,1
51,female,18.05,0,no,northwest,0
64,female,39.33,0,no,northeast,1
19,female,32.11,0,no,northwest,1
48,female,32.23,1,no,southeast,1
60,female,24.035,0,no,northwest,0
27,female,36.08,0,yes,southeast,1
46,male,22.3,0,no,southwest,0
28,female,28.88,1,no,northeast,0
59,male,26.4,0,no,southeast,1
35,male,27.74,2,yes,northeast,0
63,female,31.8,0,no,southwest,1
40,male,41.23,1,no,northeast,1
20,male,33,1,no,southwest,1
40,male,30.875,4,no,northwest,0
24,male,28.5,2,no,northwest,0
34,female,26.73,1,no,southeast,0
45,female,30.9,2,no,southwest,0
41,female,37.1,2,no,southwest,1
53,female,26.6,0,no,northwest,1
27,male,23.1,0,no,southeast,0
26,female,29.92,1,no,southeast,0
24,female,23.21,0,no,southeast,0
34,female,33.7,1,no,southwest,1
53,female,33.25,0,no,northeast,1
32,male,30.8,3,no,southwest,0
19,male,34.8,0,yes,southwest,1
42,male,24.64,0,yes,southeast,1
55,male,33.88,3,no,southeast,0
28,male,38.06,0,no,southeast,1
58,female,41.91,0,no,southeast,1
41,female,31.635,1,no,northeast,1
47,male,25.46,2,no,northeast,1
42,female,36.195,1,no,northwest,1
59,female,27.83,3,no,southeast,1
19,female,17.8,0,no,southwest,0
59,male,27.5,1,no,southwest,0
39,male,24.51,2,no,northwest,0
40,female,22.22,2,yes,southeast,0
18,female,26.73,0,no,southeast,1
31,male,38.39,2,no,southeast,0
19,male,29.07,0,yes,northwest,1
44,male,38.06,1,no,southeast,1
23,female,36.67,2,yes,northeast,1
33,female,22.135,1,no,northeast,0
55,female,26.8,1,no,southwest,0
40,male,35.3,3,no,southwest,0
63,female,27.74,0,yes,northeast,1
54,male,30.02,0,no,northwest,1
60,female,38.06,0,no,southeast,1
24,male,35.86,0,no,southeast,1
19,male,20.9,1,no,southwest,0
29,male,28.975,1,no,northeast,0
18,male,17.29,2,yes,northeast,0
63,female,32.2,2,yes,southwest,1
54,male,34.21,2,yes,southeast,1
27,male,30.3,3,no,southwest,0
50,male,31.825,0,yes,northeast,1
55,female,25.365,3,no,northeast,1
56,male,33.63,0,yes,northwest,1
38,female,40.15,0,no,southeast,1
51,male,24.415,4,no,northwest,0
19,male,31.92,0,yes,northwest,1
58,female,25.2,0,no,southwest,0
20,female,26.84,1,yes,southeast,1
52,male,24.32,3,yes,northeast,1
19,male,36.955,0,yes,northwest,1
53,female,38.06,3,no,southeast,0
46,male,42.35,3,yes,southeast,1
40,male,19.8,1,yes,southeast,1
59,female,32.395,3,no,northeast,0
45,male,30.2,1,no,southwest,1
49,male,25.84,1,no,northeast,0
18,male,29.37,1,no,southeast,0
50,male,34.2,2,yes,southwest,1
41,male,37.05,2,no,northwest,1
50,male,27.455,1,no,northeast,0
25,male,27.55,0,no,northwest,1
47,female,26.6,2,no,northeast,1
19,male,20.615,2,no,northwest,0
22,female,24.3,0,no,southwest,0
59,male,31.79,2,no,southeast,0
51,female,21.56,1,no,southeast,0
40,female,28.12,1,yes,northeast,1
54,male,40.565,3,yes,northeast,1
30,male,27.645,1,no,northeast,0
55,female,32.395,1,no,northeast,1
52,female,31.2,0,no,southwest,1
46,male,26.62,1,no,southeast,0
46,female,48.07,2,no,northeast,1
63,female,26.22,0,no,northwest,1
59,female,36.765,1,yes,northeast,1
52,male,26.4,3,no,southeast,1
28,female,33.4,0,no,southwest,1
29,male,29.64,1,no,northeast,0
25,male,45.54,2,yes,southeast,1
22,female,28.82,0,no,southeast,1
25,male,26.8,3,no,southwest,0
18,male,22.99,0,no,northeast,0
19,male,27.7,0,yes,southwest,1
47,male,25.41,1,yes,southeast,1
31,male,34.39,3,yes,northwest,1
48,female,28.88,1,no,northwest,0
36,male,27.55,3,no,northeast,0
53,female,22.61,3,yes,northeast,1
56,female,37.51,2,no,southeast,1
28,female,33,2,no,southeast,0
57,female,38,2,no,southwest,1
29,male,33.345,2,no,northwest,0
28,female,27.5,2,no,southwest,0
30,female,33.33,1,no,southeast,1
58,male,34.865,0,no,northeast,1
41,female,33.06,2,no,northwest,0
50,male,26.6,0,no,southwest,1
19,female,24.7,0,no,southwest,0
43,male,35.97,3,yes,southeast,1
49,male,35.86,0,no,southeast,1
27,female,31.4,0,yes,southwest,1
52,male,33.25,0,no,northeast,1
50,male,32.205,0,no,northwest,1
54,male,32.775,0,no,northeast,1
44,female,27.645,0,no,northwest,1
32,male,37.335,1,no,northeast,0
34,male,25.27,1,no,northwest,0
26,female,29.64,4,no,northeast,0
34,male,30.8,0,yes,southwest,1
57,male,40.945,0,no,northeast,1
29,male,27.2,0,no,southwest,1
40,male,34.105,1,no,northeast,1
27,female,23.21,1,no,southeast,0
45,male,36.48,2,yes,northwest,1
64,female,33.8,1,yes,southwest,1
52,male,36.7,0,no,southwest,1
61,female,36.385,1,yes,northeast,1
52,male,27.36,0,yes,northwest,1
61,female,31.16,0,no,northwest,1
56,female,28.785,0,no,northeast,1
43,female,35.72,2,no,northeast,1
64,male,34.5,0,no,southwest,1
60,male,25.74,0,no,southeast,0
62,male,27.55,1,no,northwest,0
50,male,32.3,1,yes,northeast,1
46,female,27.72,1,no,southeast,0
24,female,27.6,0,no,southwest,1
62,male,30.02,0,no,northwest,1
60,female,27.55,0,no,northeast,1
63,male,36.765,0,no,northeast,1
49,female,41.47,4,no,southeast,0
34,female,29.26,3,no,southeast,0
33,male,35.75,2,no,southeast,0
46,male,33.345,1,no,northeast,1
36,female,29.92,1,no,southeast,0
19,male,27.835,0,no,northwest,1
57,female,23.18,0,no,northwest,0
50,female,25.6,0,no,southwest,0
30,female,27.7,0,no,southwest,1
33,male,35.245,0,no,northeast,1
18,female,38.28,0,no,southeast,1
46,male,27.6,0,no,southwest,1
46,male,43.89,3,no,southeast,0
47,male,29.83,3,no,northwest,1
23,male,41.91,0,no,southeast,1
18,female,20.79,0,no,southeast,0
48,female,32.3,2,no,northeast,0
35,male,30.5,1,no,southwest,0
19,female,21.7,0,yes,southwest,1
21,female,26.4,1,no,southwest,0
21,female,21.89,2,no,southeast,0
49,female,30.78,1,no,northeast,1
56,female,32.3,3,no,northeast,0
42,female,24.985,2,no,northwest,0
44,male,32.015,2,no,northwest,0
18,male,30.4,3,no,northeast,0
61,female,21.09,0,no,northwest,0
57,female,22.23,0,no,northeast,0
42,female,33.155,1,no,northeast,1
26,male,32.9,2,yes,southwest,1
20,male,33.33,0,no,southeast,1
23,female,28.31,0,yes,northwest,1
39,female,24.89,3,yes,northeast,0
24,male,40.15,0,yes,southeast,1
64,female,30.115,3,no,northwest,0
62,male,31.46,1,no,southeast,1
27,female,17.955,2,yes,northeast,0
55,male,30.685,0,yes,northeast,1
55,male,33,0,no,southeast,1
35,female,43.34,2,no,southeast,0
44,male,22.135,2,no,northeast,0
19,male,34.4,0,no,southwest,1
58,female,39.05,0,no,southeast,1
50,male,25.365,2,no,northwest,1
26,female,22.61,0,no,northwest,0
24,female,30.21,3,no,northwest,0
48,male,35.625,4,no,northeast,0
19,female,37.43,0,no,northwest,1
48,male,31.445,1,no,northeast,1
49,male,31.35,1,no,northeast,1
46,female,32.3,2,no,northeast,0
46,male,19.855,0,no,northwest,0
43,female,34.4,3,no,southwest,0
21,male,31.02,0,no,southeast,1
64,male,25.6,2,no,southwest,1
18,female,38.17,0,no,southeast,1
51,female,20.6,0,no,southwest,0
47,male,47.52,1,no,southeast,1
64,female,32.965,0,no,northwest,1
49,male,32.3,3,no,northwest,0
31,male,20.4,0,no,southwest,0
52,female,38.38,2,no,northeast,1
33,female,24.31,0,no,southeast,0
47,female,23.6,1,no,southwest,0
38,male,21.12,3,no,southeast,0
32,male,30.03,1,no,southeast,0
19,male,17.48,0,no,northwest,1
44,female,20.235,1,yes,northeast,1
26,female,17.195,2,yes,northeast,0
25,male,23.9,5,no,southwest,0
19,female,35.15,0,no,northwest,1
43,female,35.64,1,no,southeast,1
52,male,34.1,0,no,southeast,1
36,female,22.6,2,yes,southwest,0
64,male,39.16,1,no,southeast,1
63,female,26.98,0,yes,northwest,1
64,male,33.88,0,yes,southeast,1
61,male,35.86,0,yes,southeast,1
40,male,32.775,1,yes,northeast,1
25,male,30.59,0,no,northeast,1
48,male,30.2,2,no,southwest,0
45,male,24.31,5,no,southeast,0
38,female,27.265,1,no,northeast,0
18,female,29.165,0,no,northeast,1
21,female,16.815,1,no,northeast,1
27,female,30.4,3,no,northwest,0
19,male,33.1,0,no,southwest,1
29,female,20.235,2,no,northwest,0
42,male,26.9,0,no,southwest,1
60,female,30.5,0,no,southwest,1
31,male,28.595,1,no,northwest,0
60,male,33.11,3,no,southeast,0
22,male,31.73,0,no,northeast,1
35,male,28.9,3,no,southwest,0
52,female,46.75,5,no,southeast,1
26,male,29.45,0,no,northeast,1
31,female,32.68,1,no,northwest,1
33,female,33.5,0,yes,southwest,1
18,male,43.01,0,no,southeast,1
59,female,36.52,1,no,southeast,1
56,male,26.695,1,yes,northwest,1
45,female,33.1,0,no,southwest,1
60,male,29.64,0,no,northeast,1
56,female,25.65,0,no,northwest,0
40,female,29.6,0,no,southwest,1
35,male,38.6,1,no,southwest,0
39,male,29.6,4,no,southwest,0
30,male,24.13,1,no,northwest,0
24,male,23.4,0,no,southwest,0
20,male,29.735,0,no,northwest,1
32,male,46.53,2,no,southeast,1
59,male,37.4,0,no,southwest,1
55,female,30.14,2,no,southeast,0
57,female,30.495,0,no,northwest,1
56,male,39.6,0,no,southwest,1
40,female,33,3,no,southeast,0
49,female,36.63,3,no,southeast,0
42,male,30,0,yes,southwest,1
62,female,38.095,2,no,northeast,1
56,male,25.935,0,no,northeast,0
19,male,25.175,0,no,northwest,0
30,female,28.38,1,yes,southeast,1
60,female,28.7,1,no,southwest,0
56,female,33.82,2,no,northwest,0
28,female,24.32,1,no,northeast,0
18,female,24.09,1,no,southeast,0
27,male,32.67,0,no,southeast,1
18,female,30.115,0,no,northeast,1
19,female,29.8,0,no,southwest,1
47,female,33.345,0,no,northeast,1
54,male,25.1,3,yes,southwest,1
61,male,28.31,1,yes,northwest,1
24,male,28.5,0,yes,northeast,1
25,male,35.625,0,no,northwest,1
21,male,36.85,0,no,southeast,1
23,male,32.56,0,no,southeast,1
63,male,41.325,3,no,northwest,0
49,male,37.51,2,no,southeast,1
18,female,31.35,0,no,southeast,1
51,female,39.5,1,no,southwest,1
48,male,34.3,3,no,southwest,0
31,female,31.065,0,no,northeast,1
54,female,21.47,3,no,northwest,0
19,male,28.7,0,no,southwest,1
44,female,38.06,0,yes,southeast,1
53,male,31.16,1,no,northwest,1
19,female,32.9,0,no,southwest,1
61,female,25.08,0,no,southeast,0
18,female,25.08,0,no,northeast,0
61,male,43.4,0,no,southwest,1
21,male,25.7,4,yes,southwest,0
20,male,27.93,0,no,northeast,1
31,female,23.6,2,no,southwest,0
45,male,28.7,2,no,southwest,1
44,female,23.98,2,no,southeast,0
62,female,39.2,0,no,southwest,1
29,male,34.4,0,yes,southwest,1
43,male,26.03,0,no,northeast,1
51,male,23.21,1,yes,southeast,1
19,male,30.25,0,yes,southeast,1
38,female,28.93,1,no,southeast,0
37,male,30.875,3,no,northwest,0
22,male,31.35,1,no,northwest,1
21,male,23.75,2,no,northwest,0
24,female,25.27,0,no,northeast,0
57,female,28.7,0,no,southwest,1
56,male,32.11,1,no,northeast,1
27,male,33.66,0,no,southeast,1
51,male,22.42,0,no,northeast,0
19,male,30.4,0,no,southwest,1
39,male,28.3,1,yes,southwest,1
58,male,35.7,0,no,southwest,1
20,male,35.31,1,no,southeast,0
45,male,30.495,2,no,northwest,0
35,female,31,1,no,southwest,0
31,male,30.875,0,no,northeast,1
50,female,27.36,0,no,northeast,1
32,female,44.22,0,no,southeast,1
51,female,33.915,0,no,northeast,1
38,female,37.73,0,no,southeast,1
42,male,26.07,1,yes,southeast,1
18,female,33.88,0,no,southeast,1
19,female,30.59,2,no,northwest,0
51,female,25.8,1,no,southwest,0
46,male,39.425,1,no,northeast,1
18,male,25.46,0,no,northeast,0
57,male,42.13,1,yes,southeast,1
62,female,31.73,0,no,northeast,1
59,male,29.7,2,no,southeast,1
37,male,36.19,0,no,southeast,1
64,male,40.48,0,no,southeast,1
38,male,28.025,1,no,northeast,0
33,female,38.9,3,no,southwest,0
46,female,30.2,2,no,southwest,0
46,female,28.05,1,no,southeast,0
53,male,31.35,0,no,southeast,1
34,female,38,3,no,southwest,0
20,female,31.79,2,no,southeast,0
63,female,36.3,0,no,southeast,1
54,female,47.41,0,yes,southeast,1
54,male,30.21,0,no,northwest,1
49,male,25.84,2,yes,northwest,1
28,male,35.435,0,no,northeast,1
54,female,46.7,2,no,southwest,1
25,female,28.595,0,no,northeast,1
43,female,46.2,0,yes,southeast,1
63,male,30.8,0,no,southwest,1
32,female,28.93,0,no,southeast,1
62,male,21.4,0,no,southwest,0
52,female,31.73,2,no,northwest,0
25,female,41.325,0,no,northeast,1
28,male,23.8,2,no,southwest,0
46,male,33.44,1,no,northeast,1
34,male,34.21,0,no,southeast,1
35,female,34.105,3,yes,northwest,1
19,male,35.53,0,no,northwest,1
46,female,19.95,2,no,northwest,0
54,female,32.68,0,no,northeast,1
27,male,30.5,0,no,southwest,1
50,male,44.77,1,no,southeast,1
18,female,32.12,2,no,southeast,0
19,female,30.495,0,no,northwest,1
38,female,40.565,1,no,northwest,1
41,male,30.59,2,no,northwest,0
49,female,31.9,5,no,southwest,0
48,male,40.565,2,yes,northwest,1
31,female,29.1,0,no,southwest,1
18,female,37.29,1,no,southeast,0
30,female,43.12,2,no,southeast,0
62,female,36.86,1,no,northeast,1
57,female,34.295,2,no,northeast,0
58,female,27.17,0,no,northwest,1
22,male,26.84,0,no,southeast,1
31,female,38.095,1,yes,northeast,1
52,male,30.2,1,no,southwest,1
25,female,23.465,0,no,northeast,0
59,male,25.46,1,no,northeast,0
19,male,30.59,0,no,northwest,1
39,male,45.43,2,no,southeast,1
32,female,23.65,1,no,southeast,0
19,male,20.7,0,no,southwest,0
33,female,28.27,1,no,southeast,0
21,male,20.235,3,no,northeast,0
34,female,30.21,1,yes,northwest,1
61,female,35.91,0,no,northeast,1
38,female,30.69,1,no,southeast,0
58,female,29,0,no,southwest,1
47,male,19.57,1,no,northwest,0
20,male,31.13,2,no,southeast,0
21,female,21.85,1,yes,northeast,1
41,male,40.26,0,no,southeast,1
46,female,33.725,1,no,northeast,1
42,female,29.48,2,no,southeast,1
34,female,33.25,1,no,northeast,1
43,male,32.6,2,no,southwest,0
52,female,37.525,2,no,northwest,1
18,female,39.16,0,no,southeast,1
51,male,31.635,0,no,northwest,1
56,female,25.3,0,no,southwest,0
64,female,39.05,3,no,southeast,0
19,female,28.31,0,yes,northwest,1
51,female,34.1,0,no,southeast,1
27,female,25.175,0,no,northeast,0
59,female,23.655,0,yes,northwest,1
28,male,26.98,2,no,northeast,0
30,male,37.8,2,yes,southwest,1
47,female,29.37,1,no,southeast,0
38,female,34.8,2,no,southwest,0
18,female,33.155,0,no,northeast,1
34,female,19,3,no,northeast,0
20,female,33,0,no,southeast,1
47,female,36.63,1,yes,southeast,1
56,female,28.595,0,no,northeast,1
49,male,25.6,2,yes,southwest,1
19,female,33.11,0,yes,southeast,1
55,female,37.1,0,no,southwest,1
30,male,31.4,1,no,southwest,1
37,male,34.1,4,yes,southwest,1
49,female,21.3,1,no,southwest,0
18,male,33.535,0,yes,northeast,1
59,male,28.785,0,no,northwest,1
29,female,26.03,0,no,northwest,1
36,male,28.88,3,no,northeast,0
33,male,42.46,1,no,southeast,1
58,male,38,0,no,southwest,1
44,female,38.95,0,yes,northwest,1
53,male,36.1,1,no,southwest,1
24,male,29.3,0,no,southwest,1
29,female,35.53,0,no,southeast,1
40,male,22.705,2,no,northeast,0
51,male,39.7,1,no,southwest,1
64,male,38.19,0,no,northeast,1
19,female,24.51,1,no,northwest,0
35,female,38.095,2,no,northeast,0
39,male,26.41,0,yes,northeast,1
56,male,33.66,4,no,southeast,0
33,male,42.4,5,no,southwest,0
42,male,28.31,3,yes,northwest,0
61,male,33.915,0,no,northeast,1
23,female,34.96,3,no,northwest,0
43,male,35.31,2,no,southeast,1
48,male,30.78,3,no,northeast,0
39,male,26.22,1,no,northwest,0
40,female,23.37,3,no,northeast,0
18,male,28.5,0,no,northeast,1
58,female,32.965,0,no,northeast,1
49,female,42.68,2,no,southeast,0
53,female,39.6,1,no,southeast,1
48,female,31.13,0,no,southeast,1
45,female,36.3,2,no,southeast,1
59,female,35.2,0,no,southeast,1
52,female,25.3,2,yes,southeast,1
26,female,42.4,1,no,southwest,1
27,male,33.155,2,no,northwest,0
48,female,35.91,1,no,northeast,1
57,female,28.785,4,no,northeast,1
37,male,46.53,3,no,southeast,1
57,female,23.98,1,no,southeast,0
32,female,31.54,1,no,northeast,1
18,male,33.66,0,no,southeast,1
64,female,22.99,0,yes,southeast,1
43,male,38.06,2,yes,southeast,1
49,male,28.7,1,no,southwest,0
40,female,32.775,2,yes,northwest,1
62,male,32.015,0,yes,northeast,1
40,female,29.81,1,no,southeast,0
30,male,31.57,3,no,southeast,0
29,female,31.16,0,no,northeast,1
36,male,29.7,0,no,southeast,1
41,female,31.02,0,no,southeast,1
44,female,43.89,2,yes,southeast,1
45,male,21.375,0,no,northwest,0
55,female,40.81,3,no,southeast,0
60,male,31.35,3,yes,northwest,1
56,male,36.1,3,no,southwest,0
49,female,23.18,2,no,northwest,0
21,female,17.4,1,no,southwest,1
19,male,20.3,0,no,southwest,0
39,male,35.3,2,yes,southwest,1
53,male,24.32,0,no,northwest,0
33,female,18.5,1,no,southwest,0
53,male,26.41,2,no,northeast,1
42,male,26.125,2,no,northeast,1
40,male,41.69,0,no,southeast,1
47,female,24.1,1,no,southwest,0
27,male,31.13,1,yes,southeast,1
21,male,27.36,0,no,northeast,1
47,male,36.2,1,no,southwest,1
20,male,32.395,1,no,northwest,1
24,male,23.655,0,no,northwest,0
27,female,34.8,1,no,southwest,1
26,female,40.185,0,no,northwest,1
53,female,32.3,2,no,northeast,0
41,male,35.75,1,yes,southeast,1
56,male,33.725,0,no,northwest,1
23,female,39.27,2,no,southeast,0
21,female,34.87,0,no,southeast,1
50,female,44.745,0,no,northeast,1
53,male,41.47,0,no,southeast,1
34,female,26.41,1,no,northwest,0
47,female,29.545,1,no,northwest,0
33,female,32.9,2,no,southwest,0
51,female,38.06,0,yes,southeast,1
49,male,28.69,3,no,northwest,1
31,female,30.495,3,no,northeast,0
36,female,27.74,0,no,northeast,1
18,male,35.2,1,no,southeast,0
50,female,23.54,2,no,southeast,0
43,female,30.685,2,no,northwest,0
20,male,40.47,0,no,northeast,1
24,female,22.6,0,no,southwest,0
60,male,28.9,0,no,southwest,1
49,female,22.61,1,no,northwest,0
60,male,24.32,1,no,northwest,0
51,female,36.67,2,no,northwest,1
58,female,33.44,0,no,northwest,1
51,female,40.66,0,no,northeast,1
53,male,36.6,3,no,southwest,0
62,male,37.4,0,no,southwest,1
19,male,35.4,0,no,southwest,1
50,female,27.075,1,no,northeast,0
30,female,39.05,3,yes,southeast,1
41,male,28.405,1,no,northwest,0
29,female,21.755,1,yes,northeast,1
18,female,40.28,0,no,northeast,1
41,female,36.08,1,no,southeast,1
35,male,24.42,3,yes,southeast,0
53,male,21.4,1,no,southwest,0
24,female,30.1,3,no,southwest,0
48,female,27.265,1,no,northeast,0
59,female,32.1,3,no,southwest,0
49,female,34.77,1,no,northwest,1
37,female,38.39,0,yes,southeast,1
26,male,23.7,2,no,southwest,0
23,male,31.73,3,yes,northeast,1
29,male,35.5,2,yes,southwest,1
45,male,24.035,2,no,northeast,0
27,male,29.15,0,yes,southeast,1
53,male,34.105,0,yes,northeast,1
31,female,26.62,0,no,southeast,1
50,male,26.41,0,no,northwest,1
50,female,30.115,1,no,northwest,1
34,male,27,2,no,southwest,0
19,male,21.755,0,no,northwest,0
47,female,36,1,no,southwest,1
28,male,30.875,0,no,northwest,1
37,female,26.4,0,yes,southeast,1
21,male,28.975,0,no,northwest,1
64,male,37.905,0,no,northwest,1
58,female,22.77,0,no,southeast,0
24,male,33.63,4,no,northeast,0
31,male,27.645,2,no,northeast,0
39,female,22.8,3,no,northeast,0
47,female,27.83,0,yes,southeast,1
30,male,37.43,3,no,northeast,0
18,male,38.17,0,yes,southeast,1
22,female,34.58,2,no,northeast,0
23,male,35.2,1,no,southwest,0
33,male,27.1,1,yes,southwest,1
27,male,26.03,0,no,northeast,1
45,female,25.175,2,no,northeast,1
57,female,31.825,0,no,northwest,1
47,male,32.3,1,no,southwest,1
42,female,29,1,no,southwest,0
64,female,39.7,0,no,southwest,1
38,female,19.475,2,no,northwest,0
61,male,36.1,3,no,southwest,0
53,female,26.7,2,no,southwest,1
44,female,36.48,0,no,northeast,1
19,female,28.88,0,yes,northwest,1
41,male,34.2,2,no,northwest,0
51,male,33.33,3,no,southeast,0
40,male,32.3,2,no,northwest,0
45,male,39.805,0,no,northeast,1
35,male,34.32,3,no,southeast,0
53,male,28.88,0,no,northwest,1
30,male,24.4,3,yes,southwest,0
18,male,41.14,0,no,southeast,1
51,male,35.97,1,no,southeast,1
50,female,27.6,1,yes,southwest,1
31,female,29.26,1,no,southeast,0
35,female,27.7,3,no,southwest,0
60,male,36.955,0,no,northeast,1
21,male,36.86,0,no,northwest,1
29,male,22.515,3,no,northeast,0
62,female,29.92,0,no,southeast,1
39,female,41.8,0,no,southeast,1
19,male,27.6,0,no,southwest,1
22,female,23.18,0,no,northeast,0
53,male,20.9,0,yes,southeast,1
39,female,31.92,2,no,northwest,0
27,male,28.5,0,yes,northwest,1
30,male,44.22,2,no,southeast,0
30,female,22.895,1,no,northeast,0
58,female,33.1,0,no,southwest,1
33,male,24.795,0,yes,northeast,1
42,female,26.18,1,no,southeast,0
64,female,35.97,0,no,southeast,1
21,male,22.3,1,no,southwest,0
18,female,42.24,0,yes,southeast,1
23,male,26.51,0,no,southeast,1
45,female,35.815,0,no,northwest,1
40,female,41.42,1,no,northwest,1
19,female,36.575,0,no,northwest,1
18,male,30.14,0,no,southeast,1
25,male,25.84,1,no,northeast,0
46,female,30.8,3,no,southwest,0
33,female,42.94,3,no,northwest,0
54,male,21.01,2,no,southeast,0
28,male,22.515,2,no,northeast,0
36,male,34.43,2,no,southeast,0
20,female,31.46,0,no,southeast,1
24,female,24.225,0,no,northwest,0
23,male,37.1,3,no,southwest,0
47,female,26.125,1,yes,northeast,1
33,female,35.53,0,yes,northwest,1
45,male,33.7,1,no,southwest,1
26,male,17.67,0,no,northwest,0
18,female,31.13,0,no,southeast,1
44,female,29.81,2,no,southeast,1
60,male,24.32,0,no,northwest,0
64,female,31.825,2,no,northeast,0
56,male,31.79,2,yes,southeast,1
36,male,28.025,1,yes,northeast,1
41,male,30.78,3,yes,northeast,1
39,male,21.85,1,no,northwest,0
63,male,33.1,0,no,southwest,1
36,female,25.84,0,no,northwest,0
28,female,23.845,2,no,northwest,0
58,male,34.39,0,no,northwest,1
36,male,33.82,1,no,northwest,1
42,male,35.97,2,no,southeast,1
36,male,31.5,0,no,southwest,1
56,female,28.31,0,no,northeast,1
35,female,23.465,2,no,northeast,0
59,female,31.35,0,no,northwest,1
21,male,31.1,0,no,southwest,1
59,male,24.7,0,no,northeast,0
23,female,32.78,2,yes,southeast,1
57,female,29.81,0,yes,southeast,1
53,male,30.495,0,no,northeast,1
60,female,32.45,0,yes,southeast,1
51,female,34.2,1,no,southwest,1
23,male,50.38,1,no,southeast,1
27,female,24.1,0,no,southwest,0
55,male,32.775,0,no,northwest,1
37,female,30.78,0,yes,northeast,1
61,male,32.3,2,no,northwest,0
46,female,35.53,0,yes,northeast,1
53,female,23.75,2,no,northeast,0
49,female,23.845,3,yes,northeast,1
20,female,29.6,0,no,southwest,1
48,female,33.11,0,yes,southeast,1
25,male,24.13,0,yes,northwest,1
25,female,32.23,1,no,southeast,1
57,male,28.1,0,no,southwest,1
37,female,47.6,2,yes,southwest,1
38,female,28,3,no,southwest,0
55,female,33.535,2,no,northwest,0
36,female,19.855,0,no,northeast,0
51,male,25.4,0,no,southwest,0
40,male,29.9,2,no,southwest,0
18,male,37.29,0,no,southeast,1
57,male,43.7,1,no,southwest,1
61,male,23.655,0,no,northeast,0
25,female,24.3,3,no,southwest,0
50,male,36.2,0,no,southwest,1
26,female,29.48,1,no,southeast,0
42,male,24.86,0,no,southeast,0
43,male,30.1,1,no,southwest,1
44,male,21.85,3,no,northeast,0
23,female,28.12,0,no,northwest,1
49,female,27.1,1,no,southwest,0
33,male,33.44,5,no,southeast,0
41,male,28.8,1,no,southwest,0
37,female,29.5,2,no,southwest,0
22,male,34.8,3,no,southwest,0
23,male,27.36,1,no,northwest,0
21,female,22.135,0,no,northeast,0
51,female,37.05,3,yes,northeast,1
25,male,26.695,4,no,northwest,0
32,male,28.93,1,yes,southeast,1
57,male,28.975,0,yes,northeast,1
36,female,30.02,0,no,northwest,1
22,male,39.5,0,no,southwest,1
57,male,33.63,1,no,northwest,1
64,female,26.885,0,yes,northwest,1
36,female,29.04,4,no,southeast,0
54,male,24.035,0,no,northeast,0
47,male,38.94,2,yes,southeast,1
62,male,32.11,0,no,northeast,1
61,female,44,0,no,southwest,1
43,female,20.045,2,yes,northeast,1
19,male,25.555,1,no,northwest,0
18,female,40.26,0,no,southeast,1
19,female,22.515,0,no,northwest,0
49,male,22.515,0,no,northeast,0
60,male,40.92,0,yes,southeast,1
26,male,27.265,3,no,northeast,0
49,male,36.85,0,no,southeast,1
60,female,35.1,0,no,southwest,1
26,female,29.355,2,no,northeast,0
27,male,32.585,3,no,northeast,0
44,female,32.34,1,no,southeast,1
63,male,39.8,3,no,southwest,0
32,female,24.6,0,yes,southwest,1
22,male,28.31,1,no,northwest,0
18,male,31.73,0,yes,northeast,1
59,female,26.695,3,no,northwest,1
44,female,27.5,1,no,southwest,0
33,male,24.605,2,no,northwest,0
24,female,33.99,0,no,southeast,1
43,female,26.885,0,yes,northwest,1
45,male,22.895,0,yes,northeast,1
61,female,28.2,0,no,southwest,1
35,female,34.21,1,no,southeast,1
62,female,25,0,no,southwest,0
62,female,33.2,0,no,southwest,1
38,male,31,1,no,southwest,0
34,male,35.815,0,no,northwest,1
43,male,23.2,0,no,southwest,0
50,male,32.11,2,no,northeast,0
19,female,23.4,2,no,southwest,0
57,female,20.1,1,no,southwest,0
62,female,39.16,0,no,southeast,1
41,male,34.21,1,no,southeast,1
26,male,46.53,1,no,southeast,1
39,female,32.5,1,no,southwest,1
46,male,25.8,5,no,southwest,1
45,female,35.3,0,no,southwest,1
32,male,37.18,2,no,southeast,0
59,female,27.5,0,no,southwest,1
44,male,29.735,2,no,northeast,1
39,female,24.225,5,no,northwest,0
18,male,26.18,2,no,southeast,0
53,male,29.48,0,no,southeast,1
18,male,23.21,0,no,southeast,0
50,female,46.09,1,no,southeast,1
18,female,40.185,0,no,northeast,1
19,male,22.61,0,no,northwest,0
62,male,39.93,0,no,southeast,1
56,female,35.8,1,no,southwest,1
42,male,35.8,2,no,southwest,1
37,male,34.2,1,yes,northeast,1
42,male,31.255,0,no,northwest,1
25,male,29.7,3,yes,southwest,0
57,male,18.335,0,no,northeast,0
51,male,42.9,2,yes,southeast,1
30,female,28.405,1,no,northwest,0
44,male,30.2,2,yes,southwest,1
34,male,27.835,1,yes,northwest,1
31,male,39.49,1,no,southeast,0
54,male,30.8,1,yes,southeast,1
24,male,26.79,1,no,northwest,0
43,male,34.96,1,yes,northeast,1
48,male,36.67,1,no,northwest,1
19,female,39.615,1,no,northwest,0
29,female,25.9,0,no,southwest,0
63,female,35.2,1,no,southeast,1
46,male,24.795,3,no,northeast,0
52,male,36.765,2,no,northwest,1
35,male,27.1,1,no,southwest,0
51,male,24.795,2,yes,northwest,1
44,male,25.365,1,no,northwest,0
21,male,25.745,2,no,northeast,0
39,female,34.32,5,no,southeast,0
50,female,28.16,3,no,southeast,1
34,female,23.56,0,no,northeast,0
22,female,20.235,0,no,northwest,0
19,female,40.5,0,no,southwest,1
26,male,35.42,0,no,southeast,1
29,male,22.895,0,yes,northeast,1
48,male,40.15,0,no,southeast,1
26,male,29.15,1,no,southeast,0
45,female,39.995,3,no,northeast,0
36,female,29.92,0,no,southeast,1
54,male,25.46,1,no,northeast,0
34,male,21.375,0,no,northeast,0
31,male,25.9,3,yes,southwest,0
27,female,30.59,1,no,northeast,0
20,male,30.115,5,no,northeast,0
44,female,25.8,1,no,southwest,0
43,male,30.115,3,no,northwest,0
45,female,27.645,1,no,northwest,0
34,male,34.675,0,no,northeast,1
24,female,20.52,0,yes,northeast,1
26,female,19.8,1,no,southwest,0
38,female,27.835,2,no,northeast,0
50,female,31.6,2,no,southwest,0
38,male,28.27,1,no,southeast,0
27,female,20.045,3,yes,northwest,0
39,female,23.275,3,no,northeast,0
39,female,34.1,3,no,southwest,0
63,female,36.85,0,no,southeast,1
33,female,36.29,3,no,northeast,0
36,female,26.885,0,no,northwest,1
30,male,22.99,2,yes,northwest,0
24,male,32.7,0,yes,southwest,1
24,male,25.8,0,no,southwest,0
48,male,29.6,0,no,southwest,1
47,male,19.19,1,no,northeast,0
29,male,31.73,2,no,northwest,0
28,male,29.26,2,no,northeast,0
47,male,28.215,3,yes,northwest,1
25,male,24.985,2,no,northeast,0
51,male,27.74,1,no,northeast,0
48,female,22.8,0,no,southwest,0
43,male,20.13,2,yes,southeast,1
61,female,33.33,4,no,southeast,0
48,male,32.3,1,no,northwest,1
38,female,27.6,0,no,southwest,1
59,male,25.46,0,no,northwest,0
19,female,24.605,1,no,northwest,0
26,female,34.2,2,no,southwest,0
54,female,35.815,3,no,northwest,0
21,female,32.68,2,no,northwest,0
51,male,37,0,no,southwest,1
22,female,31.02,3,yes,southeast,1
47,male,36.08,1,yes,southeast,1
18,male,23.32,1,no,southeast,0
47,female,45.32,1,no,southeast,1
21,female,34.6,0,no,southwest,1
19,male,26.03,1,yes,northwest,1
23,male,18.715,0,no,northwest,0
54,male,31.6,0,no,southwest,1
37,female,17.29,2,no,northeast,1
46,female,23.655,1,yes,northwest,1
55,female,35.2,0,yes,southeast,1
30,female,27.93,0,no,northeast,1
18,male,21.565,0,yes,northeast,1
61,male,38.38,0,no,northwest,1
54,female,23,3,no,southwest,0
22,male,37.07,2,yes,southeast,1
45,female,30.495,1,yes,northwest,1
22,male,28.88,0,no,northeast,1
19,male,27.265,2,no,northwest,0
35,female,28.025,0,yes,northwest,1
18,male,23.085,0,no,northeast,0
20,male,30.685,0,yes,northeast,1
28,female,25.8,0,no,southwest,0
55,male,35.245,1,no,northeast,1
43,female,24.7,2,yes,northwest,1
43,female,25.08,0,no,northeast,0
22,male,52.58,1,yes,southeast,1
25,female,22.515,1,no,northwest,0
49,male,30.9,0,yes,southwest,1
44,female,36.955,1,no,northwest,1
64,male,26.41,0,no,northeast,1
49,male,29.83,1,no,northeast,0
47,male,29.8,3,yes,southwest,1
27,female,21.47,0,no,northwest,0
55,male,27.645,0,no,northwest,1
48,female,28.9,0,no,southwest,1
45,female,31.79,0,no,southeast,1
24,female,39.49,0,no,southeast,1
32,male,33.82,1,no,northwest,1
24,male,32.01,0,no,southeast,1
57,male,27.94,1,no,southeast,0
59,male,41.14,1,yes,southeast,1
36,male,28.595,3,no,northwest,0
29,female,25.6,4,no,southwest,0
42,female,25.3,1,no,southwest,0
48,male,37.29,2,no,southeast,1
39,male,42.655,0,no,northeast,1
63,male,21.66,1,no,northwest,0
54,female,31.9,1,no,southeast,1
37,male,37.07,1,yes,southeast,1
63,male,31.445,0,no,northeast,1
21,male,31.255,0,no,northwest,1
54,female,28.88,2,no,northeast,1
60,female,18.335,0,no,northeast,0
32,female,29.59,1,no,southeast,0
47,female,32,1,no,southwest,1
21,male,26.03,0,no,northeast,1
28,male,31.68,0,yes,southeast,1
63,male,33.66,3,no,southeast,0
18,male,21.78,2,no,southeast,0
32,male,27.835,1,no,northwest,0
38,male,19.95,1,no,northwest,0
32,male,31.5,1,no,southwest,1
62,female,30.495,2,no,northwest,0
39,female,18.3,5,yes,southwest,0
55,male,28.975,0,no,northeast,1
57,male,31.54,0,no,northwest,1
52,male,47.74,1,no,southeast,1
56,male,22.1,0,no,southwest,0
47,male,36.19,0,yes,southeast,1
55,female,29.83,0,no,northeast,1
23,male,32.7,3,no,southwest,0
22,female,30.4,0,yes,northwest,1
50,female,33.7,4,no,southwest,0
18,female,31.35,4,no,northeast,0
51,female,34.96,2,yes,northeast,1
22,male,33.77,0,no,southeast,1
52,female,30.875,0,no,northeast,1
25,female,33.99,1,no,southeast,1
33,female,19.095,2,yes,northeast,0
53,male,28.6,3,no,southwest,1
29,male,38.94,1,no,southeast,0
58,male,36.08,0,no,southeast,1
37,male,29.8,0,no,southwest,1
54,female,31.24,0,no,southeast,1
49,female,29.925,0,no,northwest,1
50,female,26.22,2,no,northwest,1
26,male,30,1,no,southwest,0
45,male,20.35,3,no,southeast,0
54,female,32.3,1,no,northeast,1
38,male,38.39,3,yes,southeast,1
48,female,25.85,3,yes,southeast,1
28,female,26.315,3,no,northwest,0
23,male,24.51,0,no,northeast,0
55,male,32.67,1,no,southeast,1
41,male,29.64,5,no,northeast,1
25,male,33.33,2,yes,southeast,1
33,male,35.75,1,yes,southeast,1
30,female,19.95,3,no,northwest,0
23,female,31.4,0,yes,southwest,1
46,male,38.17,2,no,southeast,1
53,female,36.86,3,yes,northwest,1
27,female,32.395,1,no,northeast,1
23,female,42.75,1,yes,northeast,1
63,female,25.08,0,no,northwest,0
55,male,29.9,0,no,southwest,1
35,female,35.86,2,no,southeast,0
34,male,32.8,1,no,southwest,1
19,female,18.6,0,no,southwest,0
39,female,23.87,5,no,southeast,0
27,male,45.9,2,no,southwest,1
57,male,40.28,0,no,northeast,1
52,female,18.335,0,no,northwest,0
28,male,33.82,0,no,northwest,1
50,female,28.12,3,no,northwest,1
44,female,25,1,no,southwest,0
26,female,22.23,0,no,northwest,0
33,male,30.25,0,no,southeast,1
19,female,32.49,0,yes,northwest,1
50,male,37.07,1,no,southeast,1
41,female,32.6,3,no,southwest,0
52,female,24.86,0,no,southeast,0
39,male,32.34,2,no,southeast,0
50,male,32.3,2,no,southwest,0
52,male,32.775,3,no,northwest,0
60,male,32.8,0,yes,southwest,1
20,female,31.92,0,no,northwest,1
55,male,21.5,1,no,southwest,0
42,male,34.1,0,no,southwest,1
18,female,30.305,0,no,northeast,1
58,female,36.48,0,no,northwest,1
43,female,32.56,3,yes,southeast,1
35,female,35.815,1,no,northwest,0
48,female,27.93,4,no,northwest,1
36,female,22.135,3,no,northeast,0
19,male,44.88,0,yes,southeast,1
23,female,23.18,2,no,northwest,0
20,female,30.59,0,no,northeast,1
32,female,41.1,0,no,southwest,1
43,female,34.58,1,no,northwest,1
34,male,42.13,2,no,southeast,0
30,male,38.83,1,no,southeast,0
18,female,28.215,0,no,northeast,1
41,female,28.31,1,no,northwest,0
35,female,26.125,0,no,northeast,1
57,male,40.37,0,no,southeast,1
29,female,24.6,2,no,southwest,0
32,male,35.2,2,no,southwest,0
37,female,34.105,1,no,northwest,1
18,male,27.36,1,yes,northeast,1
43,female,26.7,2,yes,southwest,0
56,female,41.91,0,no,southeast,1
38,male,29.26,2,no,northwest,0
29,male,32.11,2,no,northwest,0
22,female,27.1,0,no,southwest,1
52,female,24.13,1,yes,northwest,1
40,female,27.4,1,no,southwest,0
23,female,34.865,0,no,northeast,1
31,male,29.81,0,yes,southeast,1
42,female,41.325,1,no,northeast,1
24,female,29.925,0,no,northwest,1
25,female,30.3,0,no,southwest,1
48,female,27.36,1,no,northeast,0
23,female,28.49,1,yes,southeast,1
45,male,23.56,2,no,northeast,0
20,male,35.625,3,yes,northwest,1
62,female,32.68,0,no,northwest,1
43,female,25.27,1,yes,northeast,1
23,female,28,0,no,southwest,1
31,female,32.775,2,no,northwest,0
41,female,21.755,1,no,northeast,0
58,female,32.395,1,no,northeast,1
48,female,36.575,0,no,northwest,1
31,female,21.755,0,no,northwest,0
19,female,27.93,3,no,northwest,0
19,female,30.02,0,yes,northwest,1
41,male,33.55,0,no,southeast,1
40,male,29.355,1,no,northwest,0
31,female,25.8,2,no,southwest,0
37,male,24.32,2,no,northwest,0
46,male,40.375,2,no,northwest,0
22,male,32.11,0,no,northwest,1
51,male,32.3,1,no,northeast,1
18,female,27.28,3,yes,southeast,0
35,male,17.86,1,no,northwest,0
59,female,34.8,2,no,southwest,0
36,male,33.4,2,yes,southwest,1
37,female,25.555,1,yes,northeast,1
59,male,37.1,1,no,southwest,1
36,male,30.875,1,no,northwest,0
39,male,34.1,2,no,southeast,0
18,male,21.47,0,no,northeast,0
52,female,33.3,2,no,southwest,0
27,female,31.255,1,no,northwest,1
18,male,39.14,0,no,northeast,1
40,male,25.08,0,no,southeast,0
29,male,37.29,2,no,southeast,0
46,female,34.6,1,yes,southwest,1
38,female,30.21,3,no,northwest,0
30,female,21.945,1,no,northeast,0
40,male,24.97,2,no,southeast,0
50,male,25.3,0,no,southeast,0
20,female,24.42,0,yes,southeast,1
41,male,23.94,1,no,northeast,0
33,female,39.82,1,no,southeast,0
38,male,16.815,2,no,northeast,1
42,male,37.18,2,no,southeast,1
56,male,34.43,0,no,southeast,1
58,male,30.305,0,no,northeast,1
52,male,34.485,3,yes,northwest,1
20,female,21.8,0,yes,southwest,1
54,female,24.605,3,no,northwest,0
58,male,23.3,0,no,southwest,0
45,female,27.83,2,no,southeast,1
26,male,31.065,0,no,northwest,1
63,female,21.66,0,no,northeast,0
58,female,28.215,0,no,northwest,1
37,male,22.705,3,no,northeast,0
25,female,42.13,1,no,southeast,1
52,male,41.8,2,yes,southeast,1
64,male,36.96,2,yes,southeast,1
22,female,21.28,3,no,northwest,0
28,female,33.11,0,no,southeast,1
18,male,33.33,0,no,southeast,1
28,male,24.3,5,no,southwest,0
45,female,25.7,3,no,southwest,1
33,male,29.4,4,no,southwest,0
18,female,39.82,0,no,southeast,1
32,male,33.63,1,yes,northeast,1
24,male,29.83,0,yes,northeast,1
19,male,19.8,0,no,southwest,0
20,male,27.3,0,yes,southwest,1
40,female,29.3,4,no,southwest,0
34,female,27.72,0,no,southeast,1
42,female,37.9,0,no,southwest,1
51,female,36.385,3,no,northwest,0
54,female,27.645,1,no,northwest,0
55,male,37.715,3,no,northwest,0
52,female,23.18,0,no,northeast,0
32,female,20.52,0,no,northeast,0
28,male,37.1,1,no,southwest,0
41,female,28.05,1,no,southeast,0
43,female,29.9,1,no,southwest,0
49,female,33.345,2,no,northeast,0
64,male,23.76,0,yes,southeast,1
55,female,30.5,0,no,southwest,1
24,male,31.065,0,yes,northeast,1
20,female,33.3,0,no,southwest,1
45,male,27.5,3,no,southwest,1
26,male,33.915,1,no,northwest,1
25,female,34.485,0,no,northwest,1
43,male,25.52,5,no,southeast,1
35,male,27.61,1,no,southeast,0
26,male,27.06,0,yes,southeast,1
57,male,23.7,0,no,southwest,0
22,female,30.4,0,no,northeast,1
32,female,29.735,0,no,northwest,1
39,male,29.925,1,yes,northeast,1
25,female,26.79,2,no,northwest,0
48,female,33.33,0,no,southeast,1
47,female,27.645,2,yes,northwest,1
18,female,21.66,0,yes,northeast,1
18,male,30.03,1,no,southeast,0
61,male,36.3,1,yes,southwest,1
47,female,24.32,0,no,northeast,0
28,female,17.29,0,no,northeast,1
36,female,25.9,1,no,southwest,0
20,male,39.4,2,yes,southwest,1
44,male,34.32,1,no,southeast,1
38,female,19.95,2,no,northeast,0
19,male,34.9,0,yes,southwest,1
21,male,23.21,0,no,southeast,0
46,male,25.745,3,no,northwest,1
58,male,25.175,0,no,northeast,0
20,male,22,1,no,southwest,0
18,male,26.125,0,no,northeast,1
28,female,26.51,2,no,southeast,0
33,male,27.455,2,no,northwest,0
19,female,25.745,1,no,northwest,0
45,male,30.36,0,yes,southeast,1
62,male,30.875,3,yes,northwest,1
25,female,20.8,1,no,southwest,0
43,male,27.8,0,yes,southwest,1
42,male,24.605,2,yes,northeast,1
24,female,27.72,0,no,southeast,1
29,female,21.85,0,yes,northeast,1
32,male,28.12,4,yes,northwest,0
25,female,30.2,0,yes,southwest,1
41,male,32.2,2,no,southwest,0
42,male,26.315,1,no,northwest,0
33,female,26.695,0,no,northwest,1
34,male,42.9,1,no,southwest,1
19,female,34.7,2,yes,southwest,1
30,female,23.655,3,yes,northwest,0
18,male,28.31,1,no,northeast,0
19,female,20.6,0,no,southwest,0
18,male,53.13,0,no,southeast,1
35,male,39.71,4,no,northeast,0
39,female,26.315,2,no,northwest,0
31,male,31.065,3,no,northwest,0
62,male,26.695,0,yes,northeast,1
62,male,38.83,0,no,southeast,1
42,female,40.37,2,yes,southeast,1
31,male,25.935,1,no,northwest,0
61,male,33.535,0,no,northeast,1
42,female,32.87,0,no,northeast,1
51,male,30.03,1,no,southeast,1
23,female,24.225,2,no,northeast,0
52,male,38.6,2,no,southwest,1
57,female,25.74,2,no,southeast,1
23,female,33.4,0,no,southwest,1
52,female,44.7,3,no,southwest,0
50,male,30.97,3,no,northwest,0
18,female,31.92,0,no,northeast,1
18,female,36.85,0,no,southeast,1
21,female,25.8,0,no,southwest,0
61,female,29.07,0,yes,northwest,1
